symbol,nameAAME,Atlantic American CorporationAB,AllianceBernstein Holding LPABBB,Auburn Bancorp IncABCB,Ameris BancorpABR,Arbor Realty Trust IncABR-A,Arbor Realty Trust IncABR-B,Arbor Realty Trust IncABR-C,Arbor Realty Trust IncABTX,Allegiance Bancshares IncAC,Associated Capital Group IncACBI,Atlantic Capital Bancshares IncACFC,Atlantic Coast Financial CorpACGL,Arch Capital Group Ltd.ACMTA,ACMAT CorporationACNB,ACNB CorporationACRE,Ares Commercial Real Estate CorpAEEX,Asia Equity Exchange Group IncAEG,AEGON N.V. (ADR)AEL,American Equity Investment Life HoldingAFAN,Af Ocean Investment Management CoAFCB,Athens Bancshares CorporationAFFMQ,"Affirmative Insurance Holdings, Inc."AFG,American Financial Group IncAFH,Atlas Financial Holdings IncAFL,AFLAC IncorporatedAFSI,AmTrust Financial Services IncAFSI-A,AmTrust Financial Services IncAGFMF,AGF MANAGEMENT LTD  -CL BAGII,"Argo Group International Holdings, Ltd."AGM,Federal Agricultural Mortgage Corp.AGM-A,Federal Agricultural Mortgage CorpAGM-B,Federal Agricultural Mortgage CorpAGM-C,Federal Agricultural Mortgage CorpAGNC,AGNC Investment CorpAGO,Assured Guaranty Ltd.AHL,Aspen Insurance Holdings LimitedAHL-C,Aspen Insurance Holdings LtdAHL-D,Aspen Insurance Holdings LtdAI,Arlington Asset Investment CorpAIG,American International Group IncAINC,Ashford IncAINV,Apollo Investment Corp.AIZ,"Assurant, Inc."AJG,Arthur J Gallagher & CoAJSB,AJS Bancorp IncAJX,Great Ajax CorpALARF,ALARIS ROYALTY CORPALBY,"Community Capital Bancshares, Inc."ALL,Allstate CorpALLY,Ally Financial IncALMC,Alimco Financial CorpAMBC,"Ambac Financial Group, Inc."AMBK,American Bank Inc. (PA)AMBZ,American Business BankAMFC,AMB Financial Corp.AMG,"Affiliated Managers Group, Inc."AMNB,American National BankShares IncAMP,"Ameriprise Financial, Inc."AMRB,American River BanksharesAMRK,A-Mark Precious Metals IncAMSF,"Amerisafe, Inc."AMTCQ,Ameritrans Capital CorpAMTD,TD Ameritrade Holding Corp.ANAT,American National Insurance CompanyANCB,Anchor BancorpANCX,Access National CorporationANH,Anworth Mortgage Asset CorporationANH-A,Anworth Mortgage Asset CorpANH-B,Anworth Mortgage Asset CorpANH-C,Anworth Mortgage Asset CorpANZBY,Australia and New Zealand Banking (ADR)AON,Aon PLCAOREF,American Overseas Group LtdAPAM,Artisan Partners Asset Management IncAPO,Apollo Global Management LLCAPO-A,Apollo Global Management LLCARCC,Ares Capital CorporationARES,Ares Management LPARES-A,Ares Management LPARI,Apollo Commercial Real Est. Finance IncARI-C,Apollo Commercial Real Estate Finance IncAROW,Arrow Financial CorporationARR,"ARMOUR Residential REIT, Inc."ARR-A,ARMOUR Residential REIT IncARR-B,ARMOUR Residential REIT IncASAM,Assuranceamerica CorpASB,Associated Banc CorpASFI,"Asta Funding, Inc."ASRV,"AmeriServ Financial, Inc."ASXSF,Elysee Development CorpATAX,America First Multifamily Investors LPATH,Athene Holding LtdATLC,Atlanticus Holdings CorpATLO,Ames National CorporationATNP,Atlantis Technology GroupAUBN,Auburn National Bancorporation IncAXAHY,Axa SA (ADR)AXP,American Express CompanyAXS,Axis Capital Holdings LimitedAXS-D,AXIS Capital Holdings LtdAZSEY,Allianz SE (ADR)BAC,Bank of America CorpBAC-L,Bank of America CorpBAM,Brookfield Asset Management IncBANC,Banc of California IncBANF,BancFirst CorporationBANR,Banner CorporationBAP,Credicorp Ltd. (USA)BAYK,Bay Banks of Virginia IncBBD,Banco Bradesco SA (ADR)BBT,BB&T CorporationBBVA,Banco Bilbao Vizcaya Argentaria SA (ADR)BCBHF,Caribbean Investment Holdings LtdBCBP,"BCB Bancorp, Inc."BCH,Banco de Chile (ADR)BCML,BayCom CorpBCRH,Blue Capital Reinsurance Holdings LtdBCS,Barclays PLC (ADR)BCTF,Bancorp 34 IncBDGE,"Bridge Bancorp, Inc."BEGI,Blackstar Enterprise Group IncBEN,"Franklin Resources, Inc."BERK,Berkshire Bancorp IncBFIN,BankFinancial CorporationBFNC,Bank First National CorpBFR,BBVA Banco Frances S.A. (ADR)BGCP,"BGC Partners, Inc."BHB,Bar Harbor BanksharesBHBK,Blue Hills Bancorp IncBHLB,"Berkshire Hills Bancorp, Inc."BK,Bank of New York Mellon CorpBKCC,Blackrock Capital Investment CorpBKEAY,Bank of East Asia Ltd (ADR)BKGMF,Bankguam Holding CoBKJ,Bancorp of New Jersey IncBKMU,Bank Mutual CorporationBKOR,"Oak Ridge Financial Services, Inc."BKSC,Bank of SC CorporationBKU,BankUnitedBLK,"BlackRock, Inc."BLMT,BSB Bancorp IncBLRZF,BLACKHAWK RESOURCE CORPBLX,Banco Latinoamericano de Comerci Extr SABMA,Banco Macro SA (ADR)BMBN,"Benchmark Bankshares, Inc"BMNM,"Bimini Capital Managment, Inc."BMO,Bank of Montreal (USA)BMRC,Bank of Marin BancorpBMTC,Bryn Mawr Bank Corp.BNCC,"BNCCORP, Inc."BNCL,Beneficial Bancorp IncBNS,Bank of Nova ScotiaBOCH,Bank of Commerce HoldingsBOFI,"BofI Holding, Inc."BOH,Bank of Hawaii CorporationBOKF,BOK Financial CorporationBORT,Botetourt Bankshares IncBOTJ,"Bank of the James Financial Group, Inc."BPFH,Boston Private Financial Hldg IncBPOP,Popular IncBRBI,"Blue River Bancshares, Inc."BRK.A,Berkshire Hathaway Inc.BRK.B,BERKSHIRE HATHAWAY INC DEL CL B NEWBRKL,"Brookline Bancorp, Inc."BRLGF,FOUNDERS ADV CAP CORPBRO,"Brown & Brown, Inc."BSAC,Banco Santander-Chile (ADR)BSBR,Banco Santander Brasil SA (ADR)BSF,Bear State Financial IncBSMX,Santander Mexico Fincl Gp SAB deCV (ADR)BSRR,Sierra BancorpBUSE,First Busey CorporationBVBC,Blue Valley Ban Corp.BWFG,Bankwell Financial Group IncBWINB,Baldwin & Lyons IncBX,Blackstone Group LPBXLC,Bexil CorporationBXMT,Blackstone Mortgage Trust IncBXS,Bancorpsouth BankBY,Byline Bancorp IncBYBK,Bay Bancorp IncBYFC,Broadway Financial CorpC,Citigroup IncCAC,Camden National CorporationCACC,Credit Acceptance Corp.CADE,Cadence BancorpCAPB,CapitalSouth BancorpCAPP,Capstone Financial Group IncCARE,Carter Bank and TrustCARO,Carolina Financial CorpCART,Carolina Trust Bancshares IncCARV,Carver Bancorp IncCASH,Meta Financial Group Inc.CATC,Cambridge BancorpCATY,Cathay General BancorpCB,Chubb LtdCBAN,Colony Bankcorp IncCBCA,Crown Baus Capital CorpCBCO,"Coastal Banking Company, Inc."CBFV,CB Financial Services IncCBKM,"Consumers Bancorp, Inc."CBOE,Cboe Global Markets IncCBSH,"Commerce Bancshares, Inc."CBU,"Community Bank System, Inc."CCBC,Chino Commercial Bancorp (CA)CCBG,"Capital City Bank Group, Inc."CCCR,China Commercial Credit IncCCFH,CCF Holding CompanyCCFN,CCFNB Bancorp IncCCNE,CNB Financial CorpCEFC,Commercial National Financial CorpCFBI,Community First Bancshares IncCFBK,Central Federal CorporationCFFI,C&F Financial CorpCFFN,"Capitol Federal Financial, Inc."CFG,Citizens Financial Group IncCFGX,Capital Financial Global IncCFNB,California First National BancorpCFOK,Community First BancorporationCFR,"Cullen/Frost Bankers, Inc."CFR-A,Cullen/Frost Bankers IncCG,The Carlyle Group LPCGRA,CGrowth Capital IncCHBH,"Croghan Bancshares, Inc."CHCO,City Holding CompanyCHFC,Chemical Financial CorporationCHFI,China Finance IncCHFN,Charter Financial CorpCHMG,Chemung Financial Corp.CHMI,Cherry Hill Mortgage Investment CorpCHMI-A,Cherry Hill Mortgage Investment CorpCHWWF,CHESSWOOD GROUP LTDCIA,"Citizens, Inc."CIBH,Cib Marine Bancshares IncCIM,Chimera Investment CorporationCIM-A,Chimera Investment CorpCIM-B,Chimera Investment CorpCINF,Cincinnati Financial CorporationCIT,CIT Group Inc.CIVB,Civista Bancshares IncCIWV,Citizens Financial Corp/DE/CIZN,Citizens Holding CompanyCKFC,Clarkston Financial CorporationCLDB,CORTLAND BANCORP INCCLDC,China Lending CorpCLKFF,CLARKE INCCM,Canadian Imperial Bank of Commerce (USA)CMA,Comerica IncorporatedCMCT,CIM Commercial Trust CorpCMCTP,CIM Commercial Trust CorpCME,CME Group IncCMFN,CM Finance IncCMO,Capstead Mortgage CorporationCMO-E,Capstead Mortgage CorpCMTV,Community Bancorp VermontCNA,Cna Financial CorpCNAF,Commercial National Financial CorpCNBKA,"Century Bancorp, Inc."CNBV,CNB Bancorp IncCNBW,CNB CorpCNBZ,CNB Corp (Michigan)CNFR,Conifer Holdings IncCNND,Canandaigua National CorporationCNNE,Cannae Holdings IncCNO,CNO Financial Group IncCNOB,ConnectOne Bancorp IncCNS,"Cohen & Steers, Inc."COBZ,CoBiz Financial IncCODI,Compass Diversified HoldingsCOF,Capital One Financial Corp.COFS,Choiceone Financial Services IncCOHN,Cohen & Company IncCOHO,Crednology Holding CorpCOLB,Columbia Banking System IncCOWN,Cowen IncCPF,Central Pacific Financial Corp.CPFH,Capital Financial Holdings IncCPSS,"Consumer Portfolio Services, Inc."CPTA,Capitala Finance CorpCRD.B,Crawford & CompanyCRDUF,CANADIAN RES INCOME TR UNITCRMZ,"CreditRiskMonitor.Com, Inc."CRUOF,ROCKSHIELD CAPITAL CORPCRZBY,Commerzbank AG (ADR)CS,Credit Suisse Group AG (ADR)CSBB,CSB Bancorp Inc (Ohio)CSBK,Clifton Bancorp IncCSFL,Centerstate Bank CorpCSHB,Community Shores Bank CorporationCSTR,Capstar Financial Holdings IncCSWC,Capital Southwest CorporationCTBI,"Community Trust Bancorp, Inc."CTON,Second Street Capital IncCUBI,Customers Bancorp IncCUBI-C,Customers Bancorp IncCUBI-D,Customers Bancorp IncCUBI-E,Customers Bancorp IncCUBI-F,Customers Bancorp IncCUII,China United Insurance Service IncCULL,Cullman Bancorp IncCVBF,CVB Financial Corp.CVCY,Central Valley Community BancorpCVHL,CV Holdings IncCVLY,"Codorus Valley Bancorp, Inc."CVTGF,CLAIRVEST GROUP INCCWAY,Coastway Bancorp IncCWBC,Community West BancsharesCXSNF,Street Capital Group IncCYFL,Century Financial Corp PACYS,CYS Investments IncCYS-A,CYS Investments IncCYS-B,CYS Investments IncCZBS,Citizens Bancshares Corporation (GA)CZBT,Citizens Bancorp of Virginia IncCZFC,Citizens First Corp.CZFS,Citizens Financial Services IncCZNC,Citizens & Northern CorporationCZWI,Citizens Community Bancorp Inc.DB,Deutsche Bank AG (USA)DBIN,Dacotah Bank Holding Co.DCOM,"Dime Community Bancshares, Inc."DFIN,Donnelley Financial Solutions IncDFS,Discover Financial ServicesDGICA,Donegal Group Inc.DHIL,"Diamond Hill Investment Group, Inc."DIGAF,Digatrade Financial CorpDIMC,Dimeco IncDLNO,Delanco Bancorp IncDMCD,Detwiler Fenton Group IncDMKBA,Denmark Bancshares IncDNBF,DNB Financial CorpDVLN,"DVL, Inc."DX,Dynex Capital IncDX-A,Dynex Capital IncDX-B,Dynex Capital IncEACC,"Eautoclaims, Inc."EARN,Ellington Residential Mortgage REITEBMT,Eagle Bancorp Montana IncEBSB,Meridian Bancorp IncEBTC,"Enterprise Bancorp, Inc"ECGP,Fortel IncECPG,"Encore Capital Group, Inc."ECRO,ECC Capital CorporationEFC,Ellington Financial LLCEFSC,Enterprise Financial Services CorpEFSI,Eagle Financial Services IncEGBN,"Eagle Bancorp, Inc."EGDW,Edgewater Bancorp IncEGFHF,ECHELON FINANCIAL HLDGS INCEHTH,"eHealth, Inc."EIG,"Employers Holdings, Inc."ELCI,Eastern Light Capital IncELEEF,ELEMENT FLEET MANAGEMENT CPELRNF,Elron Electronic Industries Ltd (USA)ELVT,Elevate Credit IncEMCF,Emclaire Financial CorpEMCI,EMC Insurance Group Inc.EMGC,Emergent Capital IncEMYB,"Embassy Bancorp, Inc."ENBP,ENB Financial Corp.ENFC,Entegra Financial CorpENVA,Enova International IncEPOR,EPIC CorpEQBK,Equity BancShares IncEQFN,Equitable Financial Corp.EQS,"Equus Total Return, Inc."ERIE,Erie Indemnity CompanyESBK,Elmira Savings BankESGR,Enstar Group Ltd.ESNT,Essent Group LtdESQ,Esquire Financial Holdings IncESSA,"ESSA Bancorp, Inc."ESXB,Community Bankers Trust CorpETFC,E*TRADE Financial CorpEV,Eaton Vance CorpEVBN,Evans Bancorp Inc.EVR,Evercore IncEWBC,"East West Bancorp, Inc."EZPW,EZCORP IncFABK,First Advantage BancorpFAC,First Acceptance CorporationFAF,First American Financial CorpFAHLF,First Asia Holdings LtdFANH,Fanhua Inc (ADR)FBAK,First National Bank AlaskaFBC,Flagstar Bancorp IncFBIZ,First Business Financial Services IncFBK,FB Financial CorpFBMS,First Bancshares IncFBNC,First BancorpFBNK,First Connecticut Bancorp IncFBP,First BancorpFBPI,"First Bancorp of Indiana, Inc."FBSI,"The First Bancshares, Inc."FBSS,"Fauquier Bankshares, Inc."FCAP,"First Capital, Inc."FCB,FCB Financial Holdings IncFCBC,First Community Bancshares IncFCBI,Frederick County Bancorp (MD)FCCG,Fog Cutter Capital Group Inc.FCCO,First Community CorporationFCCY,1st Constitution BancorpFCF,First Commonwealth FinancialFCFS,FirstCash IncFCMGF,FIRM CAPITAL MORTGAGE INV CPFCNCA,First Citizens BancShares Inc.FDBC,Fidelity D&D BancorpFDEF,First Defiance FinancialFDHC,Fidelity Holding CorpFDS,FactSet Research Systems Inc.FDUS,Fidus Investment CorpFETM,Fentura Financial Inc.FFBC,First Financial BancorpFFDF,FFD Financial CorporationFFG,FBL Financial GroupFFIC,Flushing Financial CorporationFFIN,First Financial Bankshares IncFFKT,Farmers Capital Bank CorpFFNM,First Federal of Northrn Mchgn Bncrp IncFFNW,"FIRST FINANCIAL NORTHWEST, INC."FFWM,First Foundation IncFGBI,"First Guaranty Bancshares, Inc."FHB,First Hawaiian IncFHN,First Horizon National CorpFIBK,First Interstate Bancsystem IncFII,Federated Investors IncFIRT,First BancTrust CorporationFISI,"Financial Institutions, Inc."FITB,Fifth Third BancorpFIZN,First Citizens BancShares IncFKYS,First Keystone Corp.FLIC,First of Long Island CorpFMAO,Farmers & Merchants Bancorp IncFMBH,"First Mid-Illinois Bancshares, Inc."FMBI,First Midwest Bancorp IncFMBL,Farmers And Merchants Bank of Long BeachFMBM,F&M Bank CorpFMCB,Farmers & Merchants BancorpFMCC,Federal Home Loan Mortgage CorpFMNB,Farmers National Banc CorpFNB,F.N.B. CorpFNBCQ,First NBC Bank Holding CompanyFNBG,FNB BancorpFNCB,FNCB Bancorp IncFNF,Fidelity National Financial IncFNFI,"First Niles Financial, Inc."FNGN,Financial Engines IncFNHC,Federated National Holding CoFNHM,FNBH Bancorp IncFNINF,49 NORTH RESOURCES INCFNLC,First Bancorp IncFNLIF,FIRST NATIONAL FINL CORPFNMA,Federal National Mortgage AssociationFNRN,First Northern Community BancorpFNWB,First Northwest BanCorpFOTB,First Ottawa BanksharesFPAFY,First Pacific Company Ltd. (ADR)FPAY,FlexShopper IncFPWM,1st Prestige Wealth ManagementFRAF,Franklin Financial Services CorpFRBA,First BankFRBK,"Republic First Bancorp, Inc."FRC,First Republic BankFRFC,First Robinson FinancialFRFHF,Fairfax Financial Holdings LtdFRHC,Freedom Holding CorpFRME,First Merchants CorporationFRTD,Fortitude Group IncFSAM,Fifth Street Asset Management IncFSB,Franklin Financial Network IncFSBC,FSB Community Bankshares IncFSBW,FS Bancorp IncFSFG,First Savings Financial Group IncFSIC,FS Investment CorporationFSTF,First State Financial CorporationFTGI,Finotec Group IncFULT,Fulton Financial CorpFUNC,First United CorpFUSB,First US Bancshares IncFWVB,"First West Virginia Bancorp, Inc."FXNC,First National CorporationGABA,"Georgia Bancshares, Inc."GABC,"German American Bancorp., Inc."GAIN,Gladstone Investment CorporationGANS,"Gainsco, Inc."GARS,Garrison Capital IncGBCI,"Glacier Bancorp, Inc."GBDC,Golub Capital BDC IncGBL,Gamco Investors IncGBLI,Global Indemnity LtdGBNK,Guaranty BancorpGCAAF,GUARDIAN CAP GRP LTD  -CL AGCAP,Gain Capital Holdings IncGCBC,Greene County BancorpGDOT,Green Dot CorporationGEC,Great Elm Capital Group IncGECC,Great Elm Capital CorpGFCJ,Guaranty Financial CorporationGFED,"Guaranty Federal Bancshares, Inc."GGAL,Grupo Financiero Galicia S.A. (ADR)GHL,"Greenhill & Co., Inc."GLAD,Gladstone Capital CorporationGLBR,Global Brokerage IncGLBZ,Glen Burnie BancorpGLRE,"Greenlight Capital Re, Ltd."GMICF,GENWORTH MI CANADA INCGMNI,Gemini Group Global CorpGNBC,Green Bancorp IncGNTY,"Guaranty Bancshares, Inc."GNW,Genworth Financial IncGOVB,"Gouverneur Bancorp, Inc."GROW,"U.S. Global Investors, Inc."GRRB,GrandSouth BancorporationGS,Goldman Sachs Group IncGSBC,"Great Southern Bancorp, Inc."GSVC,GSV Capital CorpGTPS,Great American BancorpGVFG,Gerova Financial Group LtdGWB,Great Western Bancorp IncGWGH,GWG Holdings IncHAFC,Hanmi Financial CorpHALL,"Hallmark Financial Services, Inc."HALN,Halo Companies IncHARL,Harleysville Financial CorpHASI,Hannon Armstrong Sustnbl Infrstr Cap IncHBAN,Huntington Bancshares IncorporatedHBCP,"Home Bancorp, Inc."HBHC,Hancock Holding CompanyHBIA,Hills BancorporationHBK,Hamilton Bancorp IncHBMD,Howard Bancorp IncHBNC,Horizon BancorpHBSI,Highlands Bancshares Inc (West Virg)HCAP,Harvest Capital Credit CorpHCBP,Harvest Community BankHCFL,Home City Financial Corp.HCI,HCI Group IncHDB,HDFC Bank Limited (ADR)HFBC,"HopFed Bancorp, Inc"HFBL,Home Federal Bancorp Inc of LouisianaHFWA,Heritage Financial CorpHGBL,Heritage Global IncHIFS,Hingham Institution for SavingsHIG,Hartford Financial Services Group IncHIIQ,Health Insurance Innovations IncHLFN,Home Loan Financial CorporationHLI,Houlihan Lokey IncHLND,Highlands Bankshares IncHLNE,Hamilton Lane IncHMCBF,HOME CAPITAL GROUP INC -CL BHMN,Horace Mann Educators CorporationHMNF,"HMN Financial, Inc."HMST,HomeStreet IncHMTA,HomeTown Bankshares CorpHNNA,Hennessy Advisors IncHOMB,Home Bancshares IncHONE,HarborOne Bancorp IncHOPE,Hope Bancorp IncHPIL,HPIL HoldingHRTG,Heritage Insurance Holdings IncHRZN,Horizon Technology Finance CorpHSBC,HSBC Holdings plc (ADR)HTBI,Hometrust Bancshares IncHTBK,Heritage Commerce Corp.HTGC,Hercules Capital IncHTH,Hilltop Holdings Inc.HTLF,Heartland Financial USA IncHVBC,HV Bancorp IncHWBK,"Hawthorn Bancshares, Inc."HWEN,Home Financial BancorpHZHI,Horizons Holdings International CorpIBCP,Independent Bank Corporation(MI)IBKC,IBERIABANK CorpIBKR,"Interactive Brokers Group, Inc."IBN,ICICI Bank Ltd (ADR)IBOC,International Bancshares CorpIBTX,Independent Bank Group IncICBK,County Bancorp IncICBT,ICBS LtdICCH,ICC Holdings IncICE,Intercontinental Exchange IncIDEA,Invent Ventures IncIDLLF,INDUSTRIAL ALLIANCE INS &FINIEGH,Ieg Holdings CorpIFSB,Colombo BankIGEX,Indo Global Exchange(s) PteLtdIHC,Independence Holding CompanyIHRC,Investors Heritage Capital CorpIIBK,Idaho Independent BankIMH,"IMPAC Mortgage Holdings, Inc"INBK,First Internet BancorpINDB,Independent Bank CorpING,ING Groep NV (ADR)INTL,INTL Fcstone IncIPCC,Infinity Property and Casualty Corp.IROQ,IF Bancorp IncISBA,Isabella Bank CorpISBC,Investors Bancorp IncISTR,Investar Holding CorpITCB,Itau Corpbanca (ADR)ITG,Investment Technology GroupITIC,Investors Title CompanyITPC,Intrepid Capital Corp.IVR,Invesco Mortgage Capital IncIVR-A,Invesco Mortgage Capital IncIVR-B,Invesco Mortgage Capital IncIVR-C,Invesco Mortgage Capital IncIVZ,Invesco Ltd.IX,ORIX Corporation (ADR)JAGR,Green Street Capital CorpJALC,John Adams Life Corp.JERT,JER Investors Trust Inc.JFBC,Jeffersonville BancorpJFGI,Jacobs Financial Group IncJGFCF,JAGUAR FINANCIAL CORPJHG,Janus Henderson Group PLCJMP,JMP Group LLCJP,Jupai Holdings Ltd (ADR)JPM,JPMorgan Chase & Co.JRVR,James River Group Holdings LtdJUVF,Juniata Valley Financial CorpJXSB,Jacksonville Bancorp IncKB,"KB Financial Group, Inc. (ADR)"KCAP,KCAP Financial IncKCLI,Kansas City Life Insurance CoKENCA,Kentucky Central Life InsKEY,KeyCorpKFFB,Kentucky First Federal BancorpKFS,Kingsway Financial Services Inc. (USA)KINS,Kingstone Companies IncKKR,KKR & Co. L.P.KKR-A,KKR & Co LPKKR-B,KKR & Co LPKLIB,Killbuck Bancshares IncKMPR,Kemper CorpKNSL,Kinsale Capital Group IncKREF,KKR Real Estate Finance Trust IncKRNY,Kearny Financial Corp.KSBI,"KS Bancorp, Inc."KTYB,"Kentucky Bancshares, Inc."L,Loews CorporationLADR,Ladder Capital CorpLARK,Landmark Bancorp IncLAZ,Lazard LtdLBAI,"Lakeland Bancorp, Inc."LBBB,Liberty Bell Bank (NJ)LBCP,Liberty Bancorp Inc. (Missouri)LC,LendingClub CorpLCNB,LCNB Corp.LDHL,"LD Holdings, Inc."LFC,China Life Insurance Co Ltd (ADR)LION,Fidelity Southern CorporationLKFN,Lakeland Financial CorporationLM,Legg Mason IncLMFA,LM Funding America IncLNC,Lincoln National CorporationLOAN,Manhattan Bridge Capital Inc.LOB,Live Oak Bancshares IncLPBC,Lincoln Park BancorpLPLA,LPL Financial Holdings IncLSBK,"Lake Shore Bancorp, Inc."LTS,Ladenburg Thalmann Financial ServicesLTS-A,Ladenburg Thalmann Financial Services IncLTXB,LegacyTexas Financial Group IncLUK,Leucadia National Corp.LYG,Lloyds Banking Group PLC (ADR)MAAL,Marketing Alliance IncMAIN,Main Street Capital CorporationMBCN,Middlefield Banc CorpMBDE,Morris Business Development CoMBFI,MB Financial IncMBI,MBIA Inc.MBTF,MBT Financial Corp.MBVA,Millennium Bankshares CorporationMBWM,Mercantile Bank Corp.MC,Moelis & CoMCBC,Macatawa Bank CorporationMCBK,Madison County Financial IncMCC,Medley Capital CorpMCHB,Mechanics BankMCO,Moody's CorporationMCPH,Midland Capital HoldingsMCY,Mercury General CorporationMDLY,Medley Management IncMELR,Melrose Bancorp IncMERR,Merriman Holdings IncMET,Metlife IncMET-A,Metlife IncMFA,"MFA Financial, Inc."MFA-B,MFA Financial IncMFBP,"M&F Bancorp, Inc."MFC,Manulife Financial Corporation (USA)MFCB,MFC Bancorp LtdMFG,Mizuho Financial Group Inc. (ADR)MFIN,Medallion Financial CorpMFNC,Mackinac Financial CorporationMFSF,"MutualFirst Financial, Inc."MGHCF,Minco Gold Corporation (USA)MGYR,"Magyar Bancorp, Inc."MH-A,Maiden Holdings LtdMH-C,Maiden Holdings LtdMH-D,Maiden Holdings LtdMHLD,"Maiden Holdings, Ltd."MITT,AG Mortgage Investment Trust IncMITT-A,AG Mortgage Investment Trust IncMITT-B,AG Mortgage Investment Trust IncMKL,Markel CorporationMKTX,MarketAxess Holdings Inc.MLVF,Malvern Bancorp IncMMAC,MMA Capital Management LLCMMC,"Marsh & McLennan Companies, Inc."MN,Manning and Napier IncMOFG,"MidWestOne Financial Group, Inc."MORN,"Morningstar, Inc."MPB,"Mid Penn Bancorp, Inc."MRCC,Monroe Capital CorpMRLN,Marlin Business Services Corp.MS,Morgan StanleyMSADY,Ms&Ad Insurance Group Holding IncMSBF,MSB Financial Corp.MSBI,Midland States Bancorp IncMSCI,Msci IncMSFG,MainSource Financial Group Inc.MSL,"MidSouth Bancorp, Inc."MTB,M&T Bank CorporationMTB-,M&T Bank CorpMTB-C,M&T Bank CorpMTG,MGIC Investment Corp.MTGE,MTGE Investment CorpMTLQU,Motors Liquidation CoMTU,Mitsubishi UFJ Financial Group Inc (ADR)MVBF,MVB Financial CorpMVC,"MVC Capital, Inc."NABZY,National Australia Bank Ltd. (ADR)NASB,"NASB Financial, Inc."NAVG,Navigators Group IncNAVI,Navient CorpNBCT,Northwest Bancorp IncNBGGY,National Bank of Greece (ADR)NBHC,National Bank Holdings CorpNBN,Northeast BancorpNBTB,NBT Bancorp Inc.NCAL,NCAL BancorpNCBS,Nicolet Bankshares IncNCOM,National Commerce CorpNDAQ,Nasdaq IncNECB,"Northeast Community Bancorp, Inc."NEFB,Neffs Bancorp IncNEWT,NEWTEK Business Services CorpNFBK,Northfield Bancorp IncNFSE,nFinanSe IncNGHC,National General Holdings CorpNGHCP,National General Holdings CorpNHLD,National Holdings CorporationNICK,"Nicholas Financial, Inc."NIDB,Northeast Indiana Bancorp IncNKSH,National Bankshares Inc.NLY,"Annaly Capital Management, Inc."NLY-C,Annaly Capital Management IncNLY-D,Annaly Capital Management IncNLY-E,Annaly Capital Management IncNLY-F,Annaly Capital Management IncNLY-G,Annaly Capital Management IncNMFC,New Mountain Finance Corp.NMIH,NMI Holdings IncNMNX,Nationsmark NextgenNMR,Nomura Holdings Inc (ADR)NNI,"Nelnet, Inc."NOAH,Noah Holdings Limited (ADR)NODK,NI Holdings IncNRIM,"Northrim BanCorp, Inc."NRLB,Northern California Bancorp IncNRZ,New Residential Investment CorpNSEC,National Security Group IncNSFC,Northern States Financial CorporationNSM,Nationstar Mortgage Holdings IncNTB,Bank of N.T. Butterfield & Son LtdNTFL,"Network 1 Financial Group, Inc."NTIOF,National Bank of CanadaNTRS,Northern Trust CorporationNWBI,"Northwest Bancshares, Inc."NWFL,Norwood Financial CorporationNWIN,Northwest Indiana BancorpNWLI,National Western Life Group IncNWPIF,CLEARSTREAM ENERGY SERVICESNWPP,New Peoples Bankshares IncNWURF,Captor Capital CorpNWYF,"Northway Financial, Inc."NYCB,"New York Community Bancorp, Inc."NYMT,New York Mortgage Trust IncOAK,Oaktree Capital Group LLCOAKS,Five Oaks Investment CorpOAKS-A,Five Oaks Investment CorpOCFC,OceanFirst Financial Corp.OCFN,Omega Commercial Finance CorporationOCN,Ocwen Financial CorpOCSL,Oaktree Specialty Lending CorpOFED,Oconee Federal FinancialOFG,OFG BancorpOFG-A,OFG BancorpOFG-B,OFG BancorpOFG-D,OFG BancorpOFS,OFS Capital CorpOHAI,OHA Investment CorpOLBK,"Old Line Bancshares, Inc. (MD)"OLCB,Ohio Legacy CorpOMAM,OM Asset Management PLCOMF,OneMain Holdings IncONB,Old National BancorpONDK,On Deck Capital IncOPB,Opus BankOPHC,"OptimumBank Holdings, Inc."OPOF,Old Point Financial CorporationOPY,Oppenheimer Holdings Inc. (USA)ORC,Orchid Island Capital IncORGN,"Origen Financial, Inc."ORI,Old Republic International CorporationORIT,Oritani Financial Corp.ORM,Owens Realty Mortgage IncORPB,Oregon Pacific BancorpORRF,Orrstown Financial ServicesOSBC,Old Second Bancorp Inc.OTCM,OTC Markets Group IncOTTW,Ottawa Savings Bancorp IncOVBC,Ohio Valley Banc Corp.OVLY,Oak Valley BancorpOXBR,Oxbridge Re Holdings LtdOZM,Och-Ziff Capital Management Group LLCOZRK,Bank Of The Ozarks IncPABN,Panamerican BancorpPACW,PacWest BancorpPB,"Prosperity Bancshares, Inc."PBBI,PB Bancorp IncPBCT,"People's United Financial, Inc."PBHC,Pathfinder Bancorp IncPBIB,"Porter Bancorp, Inc."PBIP,Prudential Bancorp IncPBSK,Poage Bankshares IncPCLB,"Pinnacle Bancshares, Inc."PCSB,PCSB Financial CorpPEBC,Peoples Bancorp Inc (Maryland)PEBK,"Peoples Bancorp of North Carolina, Inc."PEBO,Peoples Bancorp Inc.PFBC,Preferred BankPFBI,"Premier Financial Bancorp, Inc."PFBX,Peoples Financial CorpPFG,Principal Financial Group IncPFIS,Peoples Financial Services CorpPFLC,Pacific Financial CorporationPFLT,Pennantpark Floating Rate Capital LtdPFS,"Provident Financial Services, Inc."PFSI,PennyMac Financial Services IncPGC,Peapack-Gladstone Financial CorpPGR,Progressive CorpPHH,PHH CorporationPHIL,PHI Group IncPIAC,Princeton Capital CorpPIH,1347 Property Insurance Holdings IncPJC,Piper Jaffray CompaniesPJT,PJT Partners IncPKBK,"Parke Bancorp, Inc."PKKW,Parkway Acquisition CorpPKWY,Parkway BankPLBC,Plumas BancorpPMBC,Pacific Mercantile BancorpPMT,PennyMac Mortgage Investment TrustPMT-A,PennyMac Mortgage Investment TrustPMT-B,PennyMac Mortgage Investment TrustPNBI,Pioneer Bankshares Inc.PNBK,Patriot National BancorpPNC,PNC Financial Services Group IncPNFP,Pinnacle Financial PartnersPNNT,PennantPark Investment Corp.PNTP,Patriot National IncPNXPF,PLANET VENTURES INCPPBI,"Pacific Premier Bancorp, Inc."PPBN,Pinnacle Bankshares CorpPPSF,Peoples-Sidney Financial CorporationPRA,ProAssurance CorporationPRAA,Pra Group IncPRCB,Premier Commercial BancorpPRI,"Primerica, Inc."PRK,Park National CorporationPROV,"Provident Financial Holdings, Inc."PRPM,ProTek Capital IncPRSG,"Primus Guaranty, Ltd."PRU,Prudential Financial IncPSBQ,PSB Holdings Inc (Wisconsin)PSEC,Prospect Capital CorporationPTBS,Potomac Bancshares IncPTCI,Point Capital IncPUB,Peoples Utah BancorpPUK,Prudential Public Limited Company (ADR)PVBC,PROVIDENT BANCORP INCPVBK,Pacific Valley BankPWOD,"Penns Woods Bancorp, Inc."PYCFF,MARRET RESOURCE CORPPZN,"Pzena Investment Management, Inc."QCCO,"QC Holdings, Inc."QCRH,"QCR Holdings, Inc."QEDN,Inca Worldwide IncQMCI,"QuoteMedia, Inc."QNBC,QNB CorpQNTO,Quaint Oak Bancorp IncRAFI,Regency Affiliates IncRAND,Rand Capital CorporationRBCAA,"Republic Bancorp, Inc. KY"RBCF,Rubicon Financial IncRBNC,Reliant Bancorp IncRBS,Royal Bank of Scotland Group PLCRDN,Radian Group IncRE,Everest Re Group LtdRF,Regions Financial CorpRFNS,Reliant Financial Service CorpRGA,Reinsurance Group of America IncRILY,B. Riley Financial IncRJF,"Raymond James Financial, Inc."RLBS,Reliance Bancshares IncRLI,RLI Corp.RM,Regional Management CorpRNDB,Randolph Bancorp IncRNR,RenaissanceRe Holdings Ltd.RNR-C,Renaissancere Holdings LtdRNR-E,Renaissancere Holdings LtdRNST,Renasant Corp.RSAIF,RSA INSURANCE GROUP PLCRSCZF,RESINCO CAPITAL PARTNERS INCRSO,Resource Capital Corp.RSO-B,Resource Capital CorpRSO-C,Resource Capital CorpRVSB,"Riverview Bancorp, Inc."RWT,"Redwood Trust, Inc."RY,Royal Bank of CanadaRYFL,Royal Financial IncSACH,Sachem Capital CorpSAFT,"Safety Insurance Group, Inc."SAL,"Salisbury Bancorp, Inc."SAMG,Silvercrest Asset Management Group IncSAN,"Banco Santander, S.A. (ADR)"SAR,Saratoga Investment CorpSASR,Sandy Spring Bancorp Inc.SBBX,Sussex BancorpSBCF,Seacoast Banking Corporation of FloridaSBFG,SB Financial Group IncSBNY,Signature BankSBSI,"Southside Bancshares, Inc."SBTB,SBT Bancorp IncSC,Santander Consumer USA Holdings IncSCBH,Seacoast Commerce Banc HoldingsSCGLY,Societe Generale SA (ADR)SCGX,GTEK Industries IncSCHW,Charles Schwab CorpSCM,Stellus Capital Investment CorpSCRYY,SCOR SE (ADR)SCSG,SouthCrest Financial Group IncSEBC,Southeastern Banking CorpSEIC,SEI Investments CompanySEMUF,"Siem Industries, Inc."SF,Stifel Financial CorpSFBC,Sound Financial Bancorp IncSFBI,SFSB IncSFBS,"ServisFirst Bancshares, Inc."SFDL,Security Federal CorpSFE,"Safeguard Scientifics, Inc"SFNC,Simmons First National CorporationSFST,"Southern First Bancshares, Inc."SGB,Southwest Georgia Financial Corp.SHBI,"Shore Bancshares, Inc."SHG,"Shinhan Financial Group Co., Ltd. (ADR)"SIEB,Siebert Financial Corp.SIFI,"SI Financial Group, Inc."SIGI,Selective Insurance GroupSIVB,SVB Financial GroupSKAJ,Skajaquoda Group incSLCT,Select Bancorp IncSLD,Sutherland Asset Management CorpSLF,Sun Life Financial IncSLM,SLM CorpSLRC,Solar Capital Ltd.SMBC,"Southern Missouri Bancorp, Inc."SMBK,SmartFinancial IncSMFG,"Sumitomo Mitsui Financial Grp, Inc.(ADR)"SMMF,"Summit Financial Group, Inc."SNAS,Sino Assurance IncSNBC,"Sun Bancorp, Inc. /NJ"SNFCA,Security National Financial CorpSNV,Synovus Financial Corp.SNV-C,Synovus Financial CorpSOMC,Southern Michigan BancorpSONA,"Southern National Banc. of Virginia, Inc"SPGI,S&P Global IncSPLP,Steel Partners Holdings LPSPLP-A,Steel Partners Holdings LPSRCE,1st Source CorporationSRNN,Southern Banc Company IncSRYB,Surrey BancorpSSB,South State CorpSSBI,Summit State BankSSFN,Stewardship Financial CorporationSSNF,Sunshine Financial IncSTBA,S & T Bancorp IncSTBI,"Sturgis Bancorp, Inc."STBZ,State Bank Financial CorpSTC,Stewart Information Services CorpSTFC,State Auto Financial CorpSTI,"SunTrust Banks, Inc."STL,Sterling BancorpSTL-A,Sterling BancorpSTND,Standard AVB Financial CorpSTT,State Street CorpSTWD,"Starwood Property Trust, Inc."SUND,Sundance Strategies IncSUNS,Solar Senior Capital LtdSUPV,Grupo Supervielle SA -ADRSVBI,"Severn Bancorp, Inc."SVCTF,SENVEST CAPITAL INCSWDBY,Swedbank AB (ADR)SWKH,SWK Holdings CorpSYBT,Stock Yards Bancorp IncSYCRF,Syncora Holdings LtdSYF,Synchrony FinancialTBBK,Bancorp IncTBK,Triumph Bancorp IncTBNK,Territorial Bancorp IncTCAP,Triangle Capital CorporationTCBI,Texas Capital Bancshares IncTCBK,TriCo BancsharesTCF,TCF Financial CorporationTCF-C,TCF Financial CorpTCFC,Community Financial CorpTCPC,TCP Capital CorpTCRD,"THL Credit, Inc."TD,Toronto-Dominion BankTETAA,"Teton Advisors, Inc."TFCCF,TERRA FIRMA CAPITAL CORPTFSL,TFS Financial CorporationTGICQ,Triad Guaranty Inc.THFF,First Financial CorpTHG,Hanover Insurance Group IncTHVB,Thomasville Bancshares IncTICC,TICC Capital Corp.TIPT,Tiptree IncTKOMY,Tokio Marine Holdings Inc (ADR)TMK,Torchmark CorporationTMP,Tompkins Financial CorporationTMSH,Transglobal Assets IncTMXN,Trimax CorpTMXXF,TMX GROUP LTDTNTHF,DIFFERENCE CAPITAL FINANCIALTOAK,Treaty Oak Bancorp IncTOWN,TowneBankTPL,Texas Pacific Land TrustTPRE,Third Point Reinsurance LtdTRCB,Two Rivers BancorpTRCY,Tri City Bankshares CorporationTREE,Lendingtree IncTRI,Thomson Reuters CorpTRMK,Trustmark CorpTROW,T. Rowe Price Group IncTRST,TrustCo Bank Corp NYTRUP,Trupanion IncTRV,Travelers Companies IncTSBA,Touchstone BankTSBK,"Timberland Bancorp, Inc."TSC,Tristate Capital Holdings IncTSLX,TPG Specialty Lending IncTSOH,Tri State 1st Banc IncTST,"TheStreet, Inc."TURN,180 Degree Capital CorpTWO,Two Harbors Investment CorpTWO-A,Two Harbors Investment CorpTWO-C,Two Harbors Investment CorpTYCB,"Calvin B. Taylor Bankshares, Inc."UBAAF,URBANA CORPUBAB,United Bancorporation of Alabama IncUBCP,"United Bancorp, Inc."UBFO,United Security BancsharesUBNK,United Financial Bancorp IncUBOH,United Bancshares Inc. OHUBS,UBS Group AG (USA)UBSH,Union Bankshares CorpUBSI,"United Bankshares, Inc."UCBA,United Community Bancorp IncUCBI,"United Community Banks, Inc."UCFC,United Community Financial CorpUDFI,United Development Funding IVUFCS,"United Fire Group, Inc."UIHC,United Insurance Holdings CorpUMBF,UMB Financial CorpUMPQ,Umpqua Holdings CorpUNAM,Unico American CorporationUNB,"Union Bankshares, Inc."UNIB,"University Bancorp, Inc."UNM,Unum GroupUNPA,UNB Corp.UNTN,"United Tennessee Bankshares, Inc."UNTY,"Unity Bancorp, Inc."UOVEY,United Overseas Bank Ltd (ADR)URNAF,URBANA CORPUSB,U.S. BancorpUTGN,UTG IncUVE,"Universal Insurance Holdings, Inc."UVSP,Univest Corporation of PennsylvaniaUWHR,Uwharrie Capital CorpVABK,Virginia National Bankshares CorpVALU,"Value Line, Inc."VBFC,Village Bank and Trust Financial Corp.VBTX,Veritex Holdings IncVIEWF,Viewtran Group IncVIRT,Virtu Financial IncVKIN,Viking Energy Group IncVLY,Valley National BancorpVLY-A,Valley National BancorpVLY-B,Valley National BancorpVOYA,Voya Financial IncVPGI,"Velocity Portfolio Group, Inc."VR,"Validus Holdings, Ltd."VRTA,Vestin Realty Mortgage I Inc.VRTB,"Vestin Realty Mortgage II, Inc."VRTS,Virtus Investment Partners IncVSBN,"VSB Bancorp, Inc."WABC,Westamerica BancorporationWAC,Walter Investment Management CorpWAFD,Washington Federal Inc.WAKE,"Wake Forest Bancshares, Inc."WAL,Western Alliance BancorporationWASH,Washington Trust BancorpWAYN,"Wayne Savings Bancshares, Inc"WBBW,Westbury Bancorp IncWBHC,Wilson Bank Holding CompanyWBK,Westpac Banking Corp (ADR)WBS,Webster Financial CorporationWCCP,Wealthcraft Capital IncWCFB,WCF Bancorp IncWD,"Walker & Dunlop, Inc."WDR,"Waddell & Reed Financial, Inc."WEBK,Wellesley Bancorp IncWEDXF,Westaim CorpWEIN,West End Indiana Bancshares IncWETF,"WisdomTree Investments, Inc."WF,Woori Bank (ADR)WFC,Wells Fargo & CoWFC-L,Wells Fargo & CoWFE-A,Wells Fargo Real Estate Investment CorpWFGCF,WATERFRONT CAPITAL CORPWHF,WhiteHorse Finance IncWHG,"Westwood Holdings Group, Inc."WINS,Wins Finance Holdings IncWISH,Wright Investors Service Holdings IncWLTW,Willis Towers Watson PLCWMC,Western Asset Mortgage Capital CorpWMEG,World Mortgage Exchange Group IncWMIH,WMIH CorpWMPN,William Penn Bancorp IncWNDLF,WENDELWNEB,Western New England Bancorp IncWNRP,West Suburban Bancorp IncWRB,W. R. Berkley CorpWRLD,World Acceptance Corp.WSBC,WesBanco IncWSBF,"Waterstone Financial, Inc."WSFGQ,"WSB Financial Group, Inc."WSFL,Woodstock Holdings IncWSFS,WSFS Financial CorporationWTBA,"West Bancorporation, Inc."WTECQ,Westech Capital CorpWTFC,Wintrust Financial CorpWTM,White Mountains Insurance Group LtdWVFC,WVS Financial Corp.XL,XL Group LtdXRF,China Rapid Finance Ltd - ADRY,Alleghany CorporationYDVL,Yadkin Valley CompanyYIN,Yintech Investment Holdings Ltd - ADRZAIS,ZAIS Group Holdings IncZGCO,Ziegler Companies IncZION,Zions BancorpZURVY,Zurich Insurance Group AG (ADR)